date_key,brand_key,market_key,awareness_index,consideration_index,sentiment_index,share_of_voice,nps
20240101,1,1,65.2,58.92,55.11,0.1519,25.2
20240101,1,2,65.28,58.42,56.63,0.1535,34.8
20240101,1,3,66.68,57.73,59.07,0.154,29.8
20240101,1,4,63.82,55.35,56.86,0.1523,26.1
20240101,2,1,56.6,46.46,50.54,0.1305,17.9
20240101,2,2,55.72,46.68,54.6,0.128,18.3
20240101,2,3,61.25,45.96,52.14,0.127,19.3
20240101,2,4,54.7,47.57,54.64,0.1285,16.3
20240101,3,1,63.37,56.62,56.83,0.1445,29.8
20240101,3,2,66.72,59.47,56.62,0.1457,30.3
20240101,3,3,67.5,55.94,56.11,0.1453,31.7
20240101,3,4,64.64,56.45,56.2,0.1471,27.2
20240101,4,1,51.73,46.51,49.97,0.1231,24.3
20240101,4,2,55.43,46.96,51.9,0.1232,15.5
20240101,4,3,57.76,45.54,53.6,0.1206,14.3
20240101,4,4,55.51,48.64,50.25,0.1227,13.9
20240101,5,1,63.27,59.04,57.75,0.1388,28.4
20240101,5,2,65.38,60.13,56.58,0.139,28.7
20240101,5,3,67.64,56.16,56.89,0.1384,31.6
20240101,5,4,63.19,55.1,56.28,0.1389,29.2
20240101,6,1,52.09,38.75,48.63,0.0921,10.2
20240101,6,2,52.25,40.31,46.11,0.0915,8.7
20240101,6,3,51.19,41.76,48.78,0.0944,13.0
20240101,6,4,48.35,40.23,51.47,0.0925,10.5
20240101,7,1,66.16,58.46,58.29,0.1319,26.7
20240101,7,2,63.7,56.32,58.71,0.1313,24.2
20240101,7,3,69.11,55.42,54.76,0.1334,28.9
20240101,7,4,65.45,57.13,54.3,0.1297,26.9
20240101,8,1,49.15,40.77,47.1,0.0872,12.4
20240101,8,2,49.9,37.77,47.62,0.0878,11.1
20240101,8,3,48.72,37.84,50.32,0.0869,13.5
20240101,8,4,48.18,39.42,48.53,0.0883,13.1
20240201,1,1,60.37,58.66,56.97,0.1558,27.6
20240201,1,2,67.97,54.14,58.03,0.1533,29.8
20240201,1,3,66.78,56.22,56.49,0.1513,26.0
20240201,1,4,69.12,58.28,54.53,0.155,27.1
20240201,2,1,56.45,47.06,51.81,0.1262,16.7
20240201,2,2,56.84,49.66,49.78,0.1285,18.5
20240201,2,3,57.54,46.46,53.6,0.1272,20.7
20240201,2,4,55.49,46.58,50.64,0.127,15.5
20240201,3,1,64.92,56.89,53.5,0.1462,27.3
20240201,3,2,65.8,58.37,57.21,0.1448,26.9
20240201,3,3,66.88,54.67,58.44,0.1459,30.0
20240201,3,4,66.03,59.51,54.54,0.1469,30.8
20240201,4,1,58.59,46.17,51.17,0.122,25.1
20240201,4,2,60.52,45.14,51.53,0.1204,23.1
20240201,4,3,61.37,47.95,54.45,0.1232,22.1
20240201,4,4,56.29,47.02,52.08,0.1208,27.9
20240201,5,1,63.3,56.39,55.09,0.1393,30.0
20240201,5,2,66.4,58.75,56.76,0.1382,32.0
20240201,5,3,66.68,58.56,57.55,0.1395,26.4
20240201,5,4,65.73,57.33,55.68,0.1396,32.3
20240201,6,1,50.99,38.73,49.2,0.0921,14.1
20240201,6,2,49.38,36.67,49.3,0.0932,10.3
20240201,6,3,51.85,41.37,49.73,0.0928,9.5
20240201,6,4,49.02,38.76,48.06,0.0928,11.6
20240201,7,1,63.83,57.41,58.6,0.131,31.3
20240201,7,2,64.33,57.22,58.67,0.133,29.3
20240201,7,3,68.26,57.98,53.98,0.1324,30.7
20240201,7,4,63.37,61.45,57.56,0.1306,28.4
20240201,8,1,48.25,39.95,49.18,0.0874,12.2
20240201,8,2,52.39,39.4,49.52,0.0887,7.4
20240201,8,3,51.52,40.51,47.13,0.0877,9.1
20240201,8,4,51.12,40.83,46.74,0.0872,9.1
20240301,1,1,66.07,58.83,55.03,0.1531,25.9
20240301,1,2,69.28,57.95,58.97,0.1517,28.6
20240301,1,3,68.98,59.69,55.35,0.1534,29.5
20240301,1,4,64.49,57.63,57.24,0.1532,30.1
20240301,2,1,51.85,50.01,54.67,0.1297,16.5
20240301,2,2,57.53,45.53,52.72,0.1288,19.2
20240301,2,3,59.54,46.45,51.01,0.1289,18.5
20240301,2,4,56.43,46.98,51.98,0.127,17.5
20240301,3,1,70.57,58.16,56.66,0.1468,29.5
20240301,3,2,64.4,56.09,55.2,0.1448,28.4
20240301,3,3,68.35,57.54,58.55,0.1457,31.8
20240301,3,4,63.64,58.93,56.87,0.1443,30.6
20240301,4,1,58.54,46.67,51.77,0.121,22.4
20240301,4,2,57.28,47.28,51.18,0.1239,19.4
20240301,4,3,59.63,47.36,53.66,0.1216,13.2
20240301,4,4,54.65,46.34,53.23,0.1215,17.5
20240301,5,1,69.47,58.35,56.32,0.1373,24.2
20240301,5,2,65.43,58.69,58.64,0.1391,28.8
20240301,5,3,68.91,60.04,57.14,0.138,27.3
20240301,5,4,68.5,61.14,56.71,0.1388,32.8
20240301,6,1,48.36,39.54,49.51,0.0927,13.0
20240301,6,2,50.63,40.43,48.99,0.0925,9.7
20240301,6,3,51.25,40.81,47.07,0.0932,8.3
20240301,6,4,49.62,37.56,51.77,0.0939,15.6
20240301,7,1,64.2,58.53,58.52,0.1314,27.8
20240301,7,2,66.22,58.3,57.43,0.1328,23.3
20240301,7,3,67.07,61.09,54.32,0.1323,30.5
20240301,7,4,65.74,58.62,56.49,0.1333,26.3
20240301,8,1,49.9,39.21,47.35,0.0881,9.1
20240301,8,2,49.67,38.95,50.97,0.0864,16.8
20240301,8,3,51.67,39.72,49.99,0.0869,14.5
20240301,8,4,48.28,40.47,49.07,0.0881,13.8
20240401,1,1,67.19,59.58,55.6,0.1532,35.0
20240401,1,2,65.75,58.9,58.68,0.1551,29.6
20240401,1,3,72.34,57.46,58.9,0.1538,30.9
20240401,1,4,69.6,58.44,57.3,0.1566,28.4
20240401,2,1,60.82,46.5,51.64,0.1281,16.2
20240401,2,2,58.97,48.55,51.48,0.1264,20.2
20240401,2,3,61.01,48.0,53.45,0.1283,19.1
20240401,2,4,56.02,46.61,50.57,0.128,17.9
20240401,3,1,69.05,57.8,56.96,0.1445,32.3
20240401,3,2,69.78,56.91,56.79,0.1438,28.7
20240401,3,3,67.73,57.83,57.54,0.147,29.9
20240401,3,4,64.83,58.33,55.58,0.1456,30.2
20240401,4,1,59.62,46.63,52.52,0.1226,19.6
20240401,4,2,59.9,49.13,51.47,0.1234,22.7
20240401,4,3,57.25,46.8,53.11,0.1219,16.7
20240401,4,4,58.13,47.51,49.96,0.1215,19.8
20240401,5,1,68.65,57.32,57.37,0.1409,28.3
20240401,5,2,69.72,56.22,58.11,0.1386,31.7
20240401,5,3,69.09,59.27,55.8,0.1388,20.5
20240401,5,4,65.71,56.91,56.05,0.1378,31.5
20240401,6,1,49.14,38.31,48.19,0.0927,15.6
20240401,6,2,51.43,39.13,50.27,0.092,12.8
20240401,6,3,48.87,39.8,51.23,0.0916,12.7
20240401,6,4,46.01,40.77,50.76,0.0931,15.3
20240401,7,1,67.77,58.24,58.29,0.1309,31.4
20240401,7,2,69.14,57.8,56.91,0.1335,29.2
20240401,7,3,67.37,58.17,57.11,0.1319,28.8
20240401,7,4,65.13,58.99,56.84,0.13,31.8
20240401,8,1,50.61,42.75,50.71,0.0872,5.3
20240401,8,2,48.17,39.94,49.49,0.0871,12.3
20240401,8,3,53.46,41.06,50.59,0.0867,14.0
20240401,8,4,51.91,39.33,50.79,0.0873,8.1
20240501,1,1,68.13,56.67,59.16,0.1546,33.9
20240501,1,2,67.36,59.33,55.1,0.1507,29.8
20240501,1,3,70.41,56.85,56.82,0.1543,30.0
20240501,1,4,68.03,61.78,56.53,0.153,29.1
20240501,2,1,57.34,48.16,54.11,0.1267,19.2
20240501,2,2,58.19,45.75,51.15,0.1285,17.4
20240501,2,3,58.96,48.85,52.64,0.1299,20.0
20240501,2,4,58.56,46.82,53.76,0.1281,16.5
20240501,3,1,65.26,54.65,57.53,0.1453,31.2
20240501,3,2,67.32,56.62,58.24,0.1465,34.1
20240501,3,3,74.5,60.34,58.06,0.1474,26.6
20240501,3,4,68.41,57.36,56.17,0.1451,25.8
20240501,4,1,58.77,45.15,54.97,0.1224,12.2
20240501,4,2,58.81,45.88,53.67,0.1223,20.5
20240501,4,3,63.29,48.88,51.3,0.1201,22.2
20240501,4,4,57.33,47.6,51.18,0.1217,19.6
20240501,5,1,66.05,58.38,56.45,0.1387,31.7
20240501,5,2,69.44,57.19,57.54,0.1409,25.8
20240501,5,3,72.58,59.08,55.29,0.1372,26.6
20240501,5,4,65.27,59.51,58.52,0.1388,33.6
20240501,6,1,49.22,39.73,48.48,0.0924,14.8
20240501,6,2,49.67,40.89,49.97,0.0921,10.0
20240501,6,3,54.61,41.8,49.75,0.0915,14.3
20240501,6,4,50.11,40.42,48.6,0.0917,16.9
20240501,7,1,65.26,59.48,58.35,0.1322,30.1
20240501,7,2,70.77,55.26,54.45,0.1309,29.3
20240501,7,3,69.49,62.98,55.06,0.1321,30.9
20240501,7,4,65.58,58.6,57.67,0.1326,20.9
20240501,8,1,49.32,39.96,47.71,0.0878,14.4
20240501,8,2,49.84,41.11,50.87,0.0882,7.7
20240501,8,3,53.84,40.47,47.63,0.0875,15.4
20240501,8,4,48.69,40.47,49.27,0.089,15.8
20240601,1,1,65.16,56.21,55.45,0.153,31.3
20240601,1,2,65.77,56.8,58.14,0.1512,30.2
20240601,1,3,72.31,60.08,56.07,0.1533,29.3
20240601,1,4,68.54,60.21,57.56,0.1554,25.5
20240601,2,1,57.61,46.76,55.44,0.1275,17.9
20240601,2,2,59.6,49.81,52.37,0.1259,12.0
20240601,2,3,60.48,47.62,52.64,0.1278,23.1
20240601,2,4,55.94,48.21,54.55,0.1278,19.1
20240601,3,1,66.76,59.28,55.97,0.1448,29.8
20240601,3,2,66.76,57.48,56.12,0.1482,24.9
20240601,3,3,72.53,62.52,56.03,0.1459,28.7
20240601,3,4,69.35,59.11,57.42,0.1453,26.7
20240601,4,1,58.62,46.34,52.29,0.1227,14.7
20240601,4,2,59.01,45.41,52.72,0.1209,14.6
20240601,4,3,61.35,46.77,52.28,0.1206,13.5
20240601,4,4,59.84,46.52,53.31,0.1205,22.9
20240601,5,1,67.63,59.42,57.57,0.1379,32.6
20240601,5,2,71.09,59.62,56.89,0.139,28.1
20240601,5,3,66.8,60.22,59.63,0.1393,30.2
20240601,5,4,71.43,58.33,57.62,0.1379,27.2
20240601,6,1,49.54,39.03,50.63,0.0938,12.6
20240601,6,2,51.36,38.92,51.48,0.0923,13.2
20240601,6,3,48.32,35.87,50.38,0.0927,14.1
20240601,6,4,47.6,39.07,50.11,0.0942,9.8
20240601,7,1,66.29,56.87,59.43,0.1316,29.5
20240601,7,2,65.91,59.38,56.85,0.1342,30.3
20240601,7,3,68.5,58.91,58.69,0.1315,28.3
20240601,7,4,66.65,58.96,56.25,0.1307,29.4
20240601,8,1,51.58,37.68,51.05,0.0885,10.9
20240601,8,2,51.1,40.93,48.05,0.0883,13.7
20240601,8,3,49.38,39.75,46.65,0.0889,16.7
20240601,8,4,48.58,40.15,50.91,0.0882,13.4
20240701,1,1,67.5,58.42,57.9,0.1541,28.2
20240701,1,2,64.48,57.0,56.38,0.156,29.7
20240701,1,3,70.21,59.42,57.63,0.1541,34.2
20240701,1,4,65.87,58.78,58.05,0.1541,28.5
20240701,2,1,56.94,46.98,53.03,0.1292,14.1
20240701,2,2,56.52,47.98,53.2,0.1279,21.6
20240701,2,3,59.96,47.57,53.77,0.128,14.8
20240701,2,4,58.15,50.73,53.99,0.1276,18.5
20240701,3,1,66.9,59.57,56.12,0.1459,29.3
20240701,3,2,68.07,60.31,56.67,0.1456,31.6
20240701,3,3,71.07,59.4,57.95,0.1455,29.1
20240701,3,4,66.7,59.5,56.06,0.1455,33.9
20240701,4,1,58.69,47.24,53.78,0.1218,14.2
20240701,4,2,60.02,48.73,53.68,0.1215,15.5
20240701,4,3,61.9,46.8,50.86,0.1212,17.6
20240701,4,4,57.45,49.2,54.31,0.1199,18.3
20240701,5,1,65.52,60.48,58.44,0.1382,31.9
20240701,5,2,69.15,59.54,55.58,0.1388,25.8
20240701,5,3,70.83,59.41,57.02,0.1376,26.5
20240701,5,4,70.1,59.12,55.76,0.1395,23.4
20240701,6,1,50.05,39.14,47.08,0.0927,13.2
20240701,6,2,54.69,41.98,49.4,0.0921,12.3
20240701,6,3,53.35,40.84,50.36,0.0932,17.6
20240701,6,4,50.47,41.51,52.21,0.0925,11.0
20240701,7,1,66.46,59.43,58.89,0.1315,30.3
20240701,7,2,67.55,55.81,55.89,0.1306,29.3
20240701,7,3,71.34,57.67,55.02,0.133,26.7
20240701,7,4,68.74,59.78,59.63,0.1322,31.0
20240701,8,1,51.63,40.92,48.93,0.0866,15.0
20240701,8,2,49.7,38.38,50.84,0.0876,9.4
20240701,8,3,53.64,37.7,48.97,0.0874,15.6
20240701,8,4,49.86,41.51,48.75,0.0887,7.7
20240801,1,1,68.0,60.62,57.89,0.1527,27.2
20240801,1,2,68.01,58.46,58.33,0.157,31.7
20240801,1,3,71.28,60.24,56.44,0.1531,27.9
20240801,1,4,66.71,58.24,56.05,0.1535,23.2
20240801,2,1,59.7,47.82,52.22,0.1274,18.5
20240801,2,2,59.18,46.14,52.7,0.1276,21.1
20240801,2,3,60.52,49.87,52.94,0.1282,18.6
20240801,2,4,59.9,52.49,53.33,0.1276,16.6
20240801,3,1,71.04,61.94,57.19,0.1454,25.2
20240801,3,2,66.11,60.37,56.75,0.1455,31.3
20240801,3,3,69.0,60.54,58.94,0.1456,25.6
20240801,3,4,67.79,58.6,54.56,0.1459,28.1
20240801,4,1,58.06,48.38,52.14,0.1188,21.2
20240801,4,2,58.17,47.02,52.32,0.1208,15.9
20240801,4,3,59.86,50.18,53.02,0.1228,22.0
20240801,4,4,61.21,47.28,52.0,0.12,23.7
20240801,5,1,66.22,57.44,56.21,0.1409,28.5
20240801,5,2,70.53,61.75,57.7,0.1373,32.7
20240801,5,3,68.77,61.67,56.57,0.1378,25.0
20240801,5,4,67.12,62.14,55.36,0.1383,32.5
20240801,6,1,49.51,38.04,51.75,0.0943,9.9
20240801,6,2,48.85,39.98,47.19,0.0942,10.7
20240801,6,3,52.19,41.15,48.82,0.0932,12.3
20240801,6,4,51.69,41.49,49.97,0.0919,12.1
20240801,7,1,65.52,57.46,58.13,0.1325,27.6
20240801,7,2,68.34,57.85,56.95,0.1297,27.5
20240801,7,3,68.4,60.31,59.37,0.1329,30.8
20240801,7,4,66.26,61.91,59.87,0.1348,30.8
20240801,8,1,49.19,40.44,51.08,0.088,8.2
20240801,8,2,50.85,39.62,51.34,0.0879,11.7
20240801,8,3,48.25,41.49,49.34,0.0864,12.0
20240801,8,4,51.93,39.98,47.54,0.0881,9.0
20240901,1,1,66.62,58.71,57.64,0.1539,28.3
20240901,1,2,66.25,59.44,58.32,0.1523,31.2
20240901,1,3,68.8,59.08,57.73,0.1539,27.3
20240901,1,4,71.08,59.36,56.57,0.1537,27.2
20240901,2,1,59.03,47.99,49.97,0.1289,11.7
20240901,2,2,55.99,45.7,51.54,0.1291,19.5
20240901,2,3,59.97,48.45,53.74,0.1259,18.9
20240901,2,4,56.44,47.2,53.22,0.1261,17.7
20240901,3,1,68.69,61.87,58.49,0.1445,30.5
20240901,3,2,69.29,55.45,56.32,0.1459,31.1
20240901,3,3,68.27,59.41,56.26,0.1466,26.2
20240901,3,4,65.79,61.71,55.79,0.1442,26.8
20240901,4,1,57.68,46.08,51.99,0.1228,22.3
20240901,4,2,57.21,49.04,54.05,0.1211,19.4
20240901,4,3,62.02,44.21,52.16,0.121,22.7
20240901,4,4,58.62,50.08,52.58,0.1228,18.7
20240901,5,1,65.65,57.75,56.45,0.1381,28.3
20240901,5,2,67.71,57.83,57.95,0.1379,32.2
20240901,5,3,72.47,56.74,54.16,0.1408,31.4
20240901,5,4,69.04,58.66,59.64,0.1399,29.4
20240901,6,1,49.24,40.48,46.68,0.0923,9.3
20240901,6,2,51.01,37.69,50.54,0.0926,10.8
20240901,6,3,53.11,39.67,52.57,0.0928,9.7
20240901,6,4,51.18,40.33,50.01,0.0935,12.5
20240901,7,1,69.08,57.3,57.04,0.1313,29.3
20240901,7,2,69.4,57.53,59.42,0.1335,26.8
20240901,7,3,73.69,60.91,58.93,0.1324,26.5
20240901,7,4,66.52,59.88,57.71,0.1324,27.5
20240901,8,1,50.52,41.38,49.22,0.088,6.6
20240901,8,2,48.03,41.03,50.73,0.0876,12.1
20240901,8,3,55.66,39.41,48.11,0.0865,10.4
20240901,8,4,44.82,39.51,52.08,0.0875,13.5
20241001,1,1,68.3,60.33,57.87,0.1533,27.4
20241001,1,2,70.63,58.87,55.11,0.1512,25.4
20241001,1,3,70.08,56.06,60.11,0.1546,26.1
20241001,1,4,67.17,57.44,58.43,0.1521,29.1
20241001,2,1,58.09,49.13,53.01,0.1274,16.8
20241001,2,2,58.84,46.69,54.43,0.1285,19.6
20241001,2,3,61.59,49.28,50.13,0.1275,23.6
20241001,2,4,59.44,46.08,56.06,0.1278,22.6
20241001,3,1,66.63,60.27,57.33,0.1457,26.4
20241001,3,2,66.23,61.47,56.65,0.1467,27.1
20241001,3,3,71.23,57.44,58.29,0.1458,23.1
20241001,3,4,68.87,58.22,59.89,0.1476,21.5
20241001,4,1,54.78,47.87,51.82,0.1227,20.4
20241001,4,2,59.95,48.74,55.86,0.1231,16.2
20241001,4,3,61.16,48.87,51.19,0.1218,17.6
20241001,4,4,57.84,47.37,51.07,0.1227,14.4
20241001,5,1,66.01,58.12,56.36,0.1387,32.5
20241001,5,2,72.88,62.37,56.98,0.1379,31.7
20241001,5,3,72.11,59.85,58.49,0.1369,30.3
20241001,5,4,65.81,59.17,58.45,0.1386,27.0
20241001,6,1,51.64,40.4,51.29,0.0933,12.9
20241001,6,2,50.4,40.38,53.21,0.0928,9.0
20241001,6,3,50.83,42.45,48.38,0.0929,8.1
20241001,6,4,49.05,39.04,47.5,0.0933,15.0
20241001,7,1,66.4,58.87,54.54,0.132,26.1
20241001,7,2,68.11,58.79,57.22,0.1318,28.7
20241001,7,3,67.28,60.94,56.82,0.1315,33.9
20241001,7,4,64.08,57.18,57.48,0.129,29.4
20241001,8,1,50.92,40.62,50.88,0.0867,12.1
20241001,8,2,50.38,39.78,51.3,0.0881,9.9
20241001,8,3,54.79,37.73,49.01,0.0891,12.5
20241001,8,4,51.21,42.02,49.34,0.0889,14.3
20241101,1,1,66.03,59.16,56.54,0.1521,32.7
20241101,1,2,70.89,59.2,57.12,0.1552,29.6
20241101,1,3,71.94,58.89,54.81,0.1572,31.3
20241101,1,4,70.55,61.87,58.77,0.153,30.6
20241101,2,1,58.31,48.73,51.87,0.128,16.0
20241101,2,2,56.17,49.85,54.08,0.127,18.5
20241101,2,3,65.65,48.43,55.05,0.1277,18.1
20241101,2,4,57.51,46.59,56.52,0.127,18.6
20241101,3,1,61.47,57.6,56.31,0.1448,30.3
20241101,3,2,67.63,58.95,56.06,0.1473,27.5
20241101,3,3,68.33,58.31,54.16,0.1457,27.5
20241101,3,4,70.59,60.58,59.4,0.1444,27.6
20241101,4,1,58.82,48.06,53.99,0.1217,16.4
20241101,4,2,61.28,49.29,53.97,0.1208,17.5
20241101,4,3,60.02,46.28,55.63,0.122,18.1
20241101,4,4,60.82,46.05,53.13,0.1224,15.7
20241101,5,1,67.72,56.59,55.37,0.141,25.0
20241101,5,2,66.26,60.39,55.69,0.1384,25.7
20241101,5,3,71.56,58.47,56.62,0.1379,28.6
20241101,5,4,64.71,59.76,55.14,0.1402,34.0
20241101,6,1,49.56,39.38,51.19,0.0921,11.7
20241101,6,2,50.79,41.83,48.84,0.0931,15.1
20241101,6,3,51.97,40.88,49.51,0.0933,15.1
20241101,6,4,49.5,38.87,50.46,0.0936,11.1
20241101,7,1,66.96,59.99,55.05,0.1321,34.8
20241101,7,2,66.78,58.29,56.92,0.1297,28.1
20241101,7,3,72.88,58.05,58.72,0.1301,26.9
20241101,7,4,66.23,59.6,57.71,0.1313,32.5
20241101,8,1,50.14,41.58,50.99,0.0882,12.7
20241101,8,2,50.47,41.38,49.15,0.0885,12.6
20241101,8,3,56.54,43.16,52.17,0.086,15.4
20241101,8,4,49.31,35.62,50.48,0.088,9.6
20241201,1,1,65.79,60.28,55.17,0.1553,29.0
20241201,1,2,67.92,57.55,56.88,0.1518,29.6
20241201,1,3,70.83,61.33,57.75,0.1541,25.0
20241201,1,4,67.55,62.45,55.12,0.1527,31.5
20241201,2,1,57.16,49.75,52.48,0.127,24.5
20241201,2,2,62.15,48.03,51.66,0.1287,18.5
20241201,2,3,59.08,49.6,55.26,0.1279,21.0
20241201,2,4,59.72,50.38,56.77,0.1258,18.6
20241201,3,1,69.99,56.81,55.62,0.1464,34.2
20241201,3,2,68.13,60.69,56.02,0.1482,30.3
20241201,3,3,74.13,58.73,57.75,0.148,33.7
20241201,3,4,70.92,59.13,58.59,0.1463,26.9
20241201,4,1,57.18,48.85,52.43,0.1215,23.3
20241201,4,2,59.74,46.71,52.76,0.1217,19.1
20241201,4,3,60.45,47.83,53.34,0.1238,19.2
20241201,4,4,59.53,48.49,52.68,0.1229,22.5
20241201,5,1,65.24,58.45,56.97,0.1395,28.3
20241201,5,2,69.93,59.29,57.2,0.1368,31.1
20241201,5,3,73.21,61.26,56.48,0.1377,27.3
20241201,5,4,66.22,61.17,57.44,0.1393,26.9
20241201,6,1,50.75,39.41,51.04,0.0919,9.6
20241201,6,2,52.13,40.68,50.76,0.0925,9.7
20241201,6,3,55.0,42.04,49.0,0.0913,17.5
20241201,6,4,50.82,41.3,50.1,0.0931,14.3
20241201,7,1,67.71,58.39,56.55,0.1315,25.5
20241201,7,2,68.95,55.69,55.39,0.132,29.4
20241201,7,3,70.13,58.14,59.19,0.1301,29.7
20241201,7,4,69.46,56.93,56.81,0.132,26.3
20241201,8,1,47.59,40.85,49.69,0.0869,11.0
20241201,8,2,51.3,40.57,52.59,0.0882,11.8
20241201,8,3,52.74,41.6,51.7,0.087,10.8
20241201,8,4,50.98,38.03,49.63,0.0879,12.0
20250101,1,1,68.58,58.63,55.29,0.1536,29.0
20250101,1,2,71.93,61.22,56.84,0.1498,28.9
20250101,1,3,71.98,60.02,58.12,0.1516,32.1
20250101,1,4,67.05,60.11,57.43,0.1506,28.6
20250101,2,1,60.95,46.91,52.66,0.1267,22.4
20250101,2,2,57.82,47.65,50.69,0.1289,19.5
20250101,2,3,61.0,47.46,53.93,0.1274,21.4
20250101,2,4,58.53,49.56,52.32,0.1274,16.2
20250101,3,1,66.39,57.3,56.41,0.1463,28.9
20250101,3,2,68.73,60.19,57.74,0.1475,32.1
20250101,3,3,68.55,59.48,58.23,0.148,30.0
20250101,3,4,66.66,60.67,58.3,0.147,28.0
20250101,4,1,57.26,45.28,52.01,0.1222,17.2
20250101,4,2,55.34,48.98,55.22,0.1241,19.8
20250101,4,3,59.76,46.1,51.47,0.1217,19.2
20250101,4,4,58.47,47.64,50.43,0.1227,23.5
20250101,5,1,65.5,59.86,58.63,0.1386,28.1
20250101,5,2,70.5,58.57,57.69,0.1381,26.9
20250101,5,3,68.43,57.33,56.5,0.1394,30.4
20250101,5,4,67.5,57.19,57.3,0.1396,28.9
20250101,6,1,48.03,38.34,49.1,0.0923,19.5
20250101,6,2,50.47,41.67,51.75,0.0918,14.5
20250101,6,3,53.93,41.11,49.83,0.0929,17.9
20250101,6,4,48.94,39.54,49.14,0.0925,11.7
20250101,7,1,69.77,58.3,56.8,0.1323,31.8
20250101,7,2,70.94,59.82,54.49,0.1315,26.3
20250101,7,3,71.28,59.16,57.67,0.1313,30.1
20250101,7,4,67.3,59.1,58.64,0.133,26.5
20250101,8,1,49.87,40.16,49.43,0.088,6.9
20250101,8,2,52.04,39.47,49.78,0.0882,9.5
20250101,8,3,53.37,38.22,48.98,0.0876,15.3
20250101,8,4,50.44,44.97,48.56,0.0872,14.6
20250201,1,1,66.85,55.43,57.23,0.1533,30.3
20250201,1,2,69.98,59.79,58.34,0.1546,29.5
20250201,1,3,71.39,59.23,59.14,0.1518,29.4
20250201,1,4,64.76,58.9,57.76,0.1536,26.1
20250201,2,1,60.78,46.56,54.04,0.1307,19.0
20250201,2,2,60.62,47.66,52.1,0.1292,25.3
20250201,2,3,60.27,50.57,51.19,0.1259,20.6
20250201,2,4,56.93,46.44,53.14,0.1279,21.4
20250201,3,1,65.67,60.52,57.31,0.1451,26.1
20250201,3,2,68.92,55.93,59.06,0.144,32.1
20250201,3,3,70.44,59.58,58.58,0.1472,27.4
20250201,3,4,66.96,57.48,54.7,0.1452,29.1
20250201,4,1,57.54,46.73,51.57,0.1212,18.5
20250201,4,2,62.34,47.57,53.35,0.1214,25.3
20250201,4,3,59.62,48.48,50.89,0.1205,16.1
20250201,4,4,57.57,48.89,53.83,0.1219,13.6
20250201,5,1,67.87,59.79,58.19,0.1382,24.4
20250201,5,2,69.39,60.39,59.05,0.1398,31.5
20250201,5,3,70.0,56.53,58.05,0.1398,25.3
20250201,5,4,69.17,58.01,55.13,0.1397,30.1
20250201,6,1,47.16,41.77,49.62,0.0923,9.6
20250201,6,2,53.82,40.35,48.24,0.0933,15.9
20250201,6,3,52.9,40.88,52.69,0.093,14.4
20250201,6,4,46.98,41.82,45.14,0.0929,8.3
20250201,7,1,67.57,58.23,55.39,0.1323,26.1
20250201,7,2,65.79,57.36,57.23,0.1308,28.7
20250201,7,3,70.84,60.25,58.31,0.1336,24.8
20250201,7,4,64.21,59.43,56.58,0.132,25.2
20250201,8,1,49.91,40.53,49.59,0.087,10.8
20250201,8,2,49.85,39.78,48.87,0.0869,8.7
20250201,8,3,51.84,42.11,46.83,0.0882,13.2
20250201,8,4,48.88,37.39,49.83,0.0869,13.7
20250301,1,1,68.21,57.28,57.67,0.1557,23.2
20250301,1,2,68.0,63.2,56.58,0.1523,33.7
20250301,1,3,72.07,62.56,57.14,0.1549,31.0
20250301,1,4,67.33,58.56,59.41,0.1557,32.6
20250301,2,1,56.89,47.24,55.41,0.1284,23.8
20250301,2,2,59.48,47.34,51.68,0.1288,19.2
20250301,2,3,61.08,48.04,57.0,0.1267,20.5
20250301,2,4,61.27,49.21,55.04,0.1265,21.5
20250301,3,1,65.47,54.94,56.33,0.1447,23.2
20250301,3,2,67.32,60.8,60.88,0.1478,28.0
20250301,3,3,69.17,59.14,59.94,0.1469,27.7
20250301,3,4,67.69,60.29,57.62,0.146,32.2
20250301,4,1,57.89,48.1,53.98,0.1217,21.2
20250301,4,2,58.1,47.63,55.35,0.1204,15.1
20250301,4,3,59.37,49.47,53.47,0.121,16.5
20250301,4,4,57.58,48.9,54.08,0.1222,19.8
20250301,5,1,67.68,58.31,58.14,0.1375,25.9
20250301,5,2,68.22,58.07,54.34,0.1392,28.7
20250301,5,3,68.84,58.56,56.29,0.138,24.5
20250301,5,4,68.32,57.46,54.02,0.1364,30.0
20250301,6,1,48.67,39.15,49.11,0.0927,6.7
20250301,6,2,50.84,39.68,49.16,0.0922,19.0
20250301,6,3,55.13,42.32,51.49,0.0928,14.6
20250301,6,4,46.52,39.38,53.07,0.0935,14.6
20250301,7,1,68.7,58.52,55.54,0.131,27.7
20250301,7,2,69.13,60.36,58.51,0.1314,31.4
20250301,7,3,75.29,59.6,57.74,0.1312,30.4
20250301,7,4,63.97,59.23,58.3,0.1315,29.9
20250301,8,1,45.72,38.4,50.47,0.0883,13.7
20250301,8,2,50.17,40.23,50.22,0.0879,16.3
20250301,8,3,52.98,43.06,47.98,0.0884,9.7
20250301,8,4,49.71,41.53,51.46,0.0881,10.1
20250401,1,1,65.64,58.14,57.27,0.1522,27.6
20250401,1,2,71.66,58.27,55.46,0.1517,26.8
20250401,1,3,70.42,61.27,59.64,0.1552,27.4
20250401,1,4,67.52,59.89,58.08,0.1522,31.2
20250401,2,1,58.55,50.5,51.87,0.1278,18.9
20250401,2,2,62.98,48.04,54.99,0.129,14.9
20250401,2,3,63.72,46.17,49.84,0.1276,17.1
20250401,2,4,58.8,48.39,54.34,0.1288,20.0
20250401,3,1,65.66,57.19,58.62,0.1468,29.2
20250401,3,2,69.71,55.64,56.6,0.1459,29.5
20250401,3,3,69.66,59.07,58.97,0.1461,30.8
20250401,3,4,68.86,57.99,56.03,0.1476,29.6
20250401,4,1,55.3,47.36,54.47,0.1222,23.2
20250401,4,2,58.6,46.29,52.42,0.1219,18.3
20250401,4,3,62.45,47.73,54.53,0.1209,18.9
20250401,4,4,59.46,46.86,51.49,0.1209,12.8
20250401,5,1,68.56,58.73,55.86,0.1374,33.4
20250401,5,2,67.73,57.04,56.95,0.1387,25.3
20250401,5,3,70.25,58.78,57.8,0.1377,28.9
20250401,5,4,67.2,57.11,56.21,0.1374,26.5
20250401,6,1,50.81,39.1,45.14,0.0931,12.9
20250401,6,2,54.49,38.31,50.32,0.0938,10.3
20250401,6,3,54.26,41.43,49.69,0.0933,18.5
20250401,6,4,50.62,40.75,50.08,0.0913,15.0
20250401,7,1,67.18,57.75,55.82,0.1318,25.3
20250401,7,2,68.46,58.49,56.55,0.13,24.7
20250401,7,3,72.57,59.74,60.58,0.1315,29.1
20250401,7,4,69.78,58.74,57.75,0.1335,25.1
20250401,8,1,49.97,41.3,49.33,0.0887,12.8
20250401,8,2,53.94,39.67,51.59,0.089,12.9
20250401,8,3,52.89,41.81,52.32,0.0879,11.0
20250401,8,4,46.12,40.63,51.34,0.0885,12.8
20250501,1,1,65.67,59.66,58.7,0.1525,30.1
20250501,1,2,67.01,59.91,56.5,0.1544,30.0
20250501,1,3,71.2,60.68,58.09,0.1524,30.2
20250501,1,4,67.91,59.37,54.77,0.1535,33.7
20250501,2,1,57.05,49.21,53.26,0.1262,19.9
20250501,2,2,60.97,48.99,51.82,0.1279,22.1
20250501,2,3,63.13,48.85,52.98,0.1275,23.8
20250501,2,4,58.18,49.53,55.0,0.1276,17.1
20250501,3,1,70.48,57.88,55.22,0.1489,29.1
20250501,3,2,68.51,59.96,56.36,0.1467,31.9
20250501,3,3,69.98,61.87,58.58,0.1477,27.1
20250501,3,4,67.47,60.56,55.44,0.1455,35.0
20250501,4,1,56.16,48.39,51.98,0.121,19.1
20250501,4,2,63.83,46.0,51.79,0.122,16.4
20250501,4,3,60.74,47.18,52.16,0.1225,27.6
20250501,4,4,55.15,46.26,52.26,0.1205,20.2
20250501,5,1,67.96,61.41,58.51,0.1405,26.3
20250501,5,2,65.56,59.06,56.5,0.1372,29.0
20250501,5,3,71.33,58.72,57.63,0.1389,23.2
20250501,5,4,65.87,60.28,57.4,0.1393,28.1
20250501,6,1,52.55,39.87,50.42,0.0925,11.8
20250501,6,2,51.34,41.11,53.42,0.0912,16.6
20250501,6,3,54.58,40.23,50.2,0.093,9.6
20250501,6,4,50.11,40.9,49.74,0.0925,14.3
20250501,7,1,65.44,60.14,57.45,0.1312,26.2
20250501,7,2,65.06,57.24,57.23,0.1322,29.5
20250501,7,3,69.84,59.81,57.21,0.1306,28.3
20250501,7,4,65.0,56.3,60.84,0.1323,29.0
20250501,8,1,47.08,39.07,45.74,0.0873,16.4
20250501,8,2,54.07,39.9,51.87,0.0883,7.4
20250501,8,3,50.99,38.46,48.7,0.0875,8.0
20250501,8,4,47.24,39.66,51.45,0.0888,12.2
20250601,1,1,68.88,58.33,56.0,0.154,25.9
20250601,1,2,68.2,58.37,58.85,0.1528,33.5
20250601,1,3,72.61,61.42,56.27,0.1549,30.6
20250601,1,4,68.31,56.32,58.21,0.1527,24.7
20250601,2,1,56.74,46.84,53.37,0.1278,15.7
20250601,2,2,59.22,48.92,52.45,0.13,17.9
20250601,2,3,62.75,44.99,52.27,0.129,18.2
20250601,2,4,56.63,48.54,52.51,0.1282,17.0
20250601,3,1,67.73,59.51,57.59,0.1455,27.7
20250601,3,2,69.66,60.69,56.26,0.1451,29.4
20250601,3,3,71.45,58.61,55.11,0.1464,31.1
20250601,3,4,67.79,59.8,55.7,0.1472,30.9
20250601,4,1,56.02,47.41,56.5,0.1234,19.2
20250601,4,2,59.46,46.06,53.58,0.1205,16.8
20250601,4,3,59.87,47.02,52.46,0.1202,20.9
20250601,4,4,57.4,47.98,53.32,0.1203,13.3
20250601,5,1,66.75,58.9,54.65,0.1389,31.3
20250601,5,2,63.4,59.63,59.17,0.1388,27.3
20250601,5,3,72.04,58.32,57.18,0.1383,31.1
20250601,5,4,69.0,57.22,57.95,0.138,25.9
20250601,6,1,51.85,37.55,48.51,0.0936,12.7
20250601,6,2,50.87,41.93,49.18,0.0938,6.8
20250601,6,3,54.08,42.24,50.18,0.0926,14.4
20250601,6,4,50.11,42.22,50.47,0.0933,13.2
20250601,7,1,65.07,59.32,57.78,0.1286,28.5
20250601,7,2,68.03,57.23,56.76,0.1326,32.3
20250601,7,3,69.24,59.3,56.04,0.1305,30.1
20250601,7,4,63.37,58.15,58.81,0.1323,30.1
20250601,8,1,50.98,39.97,51.23,0.0883,17.2
20250601,8,2,51.75,39.91,49.85,0.0864,14.2
20250601,8,3,55.23,40.76,47.98,0.088,10.8
20250601,8,4,48.52,38.29,51.05,0.0879,12.9
20250701,1,1,72.07,59.18,56.07,0.1533,31.1
20250701,1,2,69.52,57.15,57.22,0.1515,29.0
20250701,1,3,72.05,58.06,58.75,0.1556,31.7
20250701,1,4,64.99,60.83,57.37,0.1528,29.5
20250701,2,1,56.08,44.7,52.9,0.1292,22.6
20250701,2,2,59.71,47.54,52.31,0.1271,17.0
20250701,2,3,61.04,46.68,53.44,0.1257,16.9
20250701,2,4,59.0,45.74,51.42,0.1296,18.5
20250701,3,1,64.91,60.27,56.45,0.146,27.6
20250701,3,2,70.55,60.35,56.46,0.1467,30.7
20250701,3,3,71.84,58.82,58.63,0.1461,28.7
20250701,3,4,65.69,59.89,55.18,0.1456,30.8
20250701,4,1,59.72,46.68,52.91,0.1215,18.2
20250701,4,2,56.48,48.49,50.15,0.1221,17.7
20250701,4,3,56.97,49.9,53.13,0.1215,17.6
20250701,4,4,56.37,46.77,53.77,0.122,16.7
20250701,5,1,67.15,59.42,56.48,0.1373,30.8
20250701,5,2,70.77,56.92,55.75,0.1401,29.9
20250701,5,3,73.39,61.7,57.53,0.1388,33.2
20250701,5,4,66.99,57.91,55.09,0.1372,30.4
20250701,6,1,53.01,39.82,49.98,0.0926,16.7
20250701,6,2,49.2,39.67,49.44,0.0925,13.6
20250701,6,3,53.87,41.2,50.37,0.0931,9.3
20250701,6,4,51.34,42.75,46.89,0.0924,11.1
20250701,7,1,70.99,58.91,56.4,0.1324,26.3
20250701,7,2,66.42,57.84,56.57,0.132,32.6
20250701,7,3,70.4,57.11,54.6,0.1315,25.6
20250701,7,4,67.14,58.35,57.17,0.1313,28.9
20250701,8,1,51.46,39.72,49.39,0.0877,15.4
20250701,8,2,49.97,39.38,51.63,0.0882,12.1
20250701,8,3,51.99,38.54,51.82,0.0878,15.4
20250701,8,4,49.1,41.68,49.22,0.0892,18.2
20250801,1,1,67.03,57.71,57.79,0.1532,32.9
20250801,1,2,67.99,59.64,58.65,0.1549,29.5
20250801,1,3,70.6,58.0,57.0,0.1533,31.0
20250801,1,4,63.88,61.77,56.08,0.1514,25.0
20250801,2,1,57.19,48.05,53.03,0.1278,24.5
20250801,2,2,61.15,48.09,51.71,0.1273,21.2
20250801,2,3,60.94,49.32,53.44,0.126,17.3
20250801,2,4,56.99,46.56,50.29,0.1283,19.3
20250801,3,1,64.0,56.8,55.19,0.1471,29.2
20250801,3,2,68.68,60.93,57.84,0.1449,28.1
20250801,3,3,69.31,61.01,56.39,0.1458,30.2
20250801,3,4,70.78,61.47,57.56,0.1475,27.7
20250801,4,1,62.89,48.23,54.85,0.1215,20.3
20250801,4,2,59.26,47.87,52.86,0.1211,18.5
20250801,4,3,61.28,47.58,54.34,0.1235,24.1
20250801,4,4,58.78,47.13,53.39,0.1227,20.1
20250801,5,1,66.58,61.43,55.39,0.1404,32.8
20250801,5,2,65.87,57.99,56.89,0.1401,32.8
20250801,5,3,68.44,59.42,57.26,0.1416,31.7
20250801,5,4,66.03,58.69,56.81,0.1396,26.4
20250801,6,1,49.36,40.66,51.08,0.0917,11.1
20250801,6,2,51.67,38.6,49.98,0.0923,13.2
20250801,6,3,53.97,44.47,53.49,0.0919,12.9
20250801,6,4,51.46,41.61,51.12,0.0921,3.6
20250801,7,1,65.38,58.99,59.48,0.1312,32.0
20250801,7,2,68.73,61.69,56.13,0.1314,26.9
20250801,7,3,70.1,60.44,56.44,0.1298,30.4
20250801,7,4,66.9,56.62,57.44,0.1314,28.2
20250801,8,1,49.5,41.99,49.29,0.0872,14.3
20250801,8,2,51.33,38.73,51.09,0.0878,17.6
20250801,8,3,49.2,40.54,47.8,0.0881,12.9
20250801,8,4,52.15,41.82,49.16,0.0871,14.3
20250901,1,1,67.35,59.73,55.93,0.1549,30.4
20250901,1,2,66.36,61.71,57.12,0.1557,26.8
20250901,1,3,69.7,59.54,57.87,0.1509,28.9
20250901,1,4,67.23,59.28,57.75,0.1549,26.6
20250901,2,1,60.95,47.96,53.01,0.1264,15.5
20250901,2,2,57.4,50.34,55.65,0.1306,26.2
20250901,2,3,61.24,47.37,52.34,0.1288,20.4
20250901,2,4,57.0,49.26,51.32,0.1268,18.9
20250901,3,1,66.48,60.91,57.19,0.1492,31.1
20250901,3,2,70.01,59.44,57.03,0.1445,30.5
20250901,3,3,69.5,59.15,57.49,0.1458,32.8
20250901,3,4,66.31,58.87,55.6,0.1469,29.8
20250901,4,1,57.98,48.32,51.66,0.122,23.2
20250901,4,2,57.32,46.01,53.23,0.121,14.1
20250901,4,3,59.47,48.29,54.31,0.1233,24.8
20250901,4,4,59.18,45.69,57.54,0.1213,20.1
20250901,5,1,68.7,58.65,61.84,0.1382,33.7
20250901,5,2,71.32,58.21,56.36,0.1377,25.1
20250901,5,3,72.47,59.65,57.5,0.1405,28.3
20250901,5,4,67.88,55.79,57.61,0.1392,35.4
20250901,6,1,50.31,38.96,52.89,0.0923,17.1
20250901,6,2,49.72,38.68,49.25,0.0927,16.1
20250901,6,3,54.64,40.93,49.02,0.0926,15.0
20250901,6,4,46.71,37.96,50.46,0.0922,3.5
20250901,7,1,68.16,60.23,54.29,0.1285,33.2
20250901,7,2,69.87,57.66,57.14,0.1318,29.8
20250901,7,3,70.37,61.57,55.77,0.1311,27.6
20250901,7,4,67.84,58.23,55.41,0.1307,32.6
20250901,8,1,49.73,39.69,48.68,0.0885,10.7
20250901,8,2,50.37,39.13,47.07,0.086,10.6
20250901,8,3,55.94,38.74,48.27,0.0868,14.9
20250901,8,4,51.64,40.04,48.63,0.0879,14.9
20251001,1,1,67.13,58.53,58.06,0.1541,30.3
20251001,1,2,67.73,57.43,57.97,0.1515,31.7
20251001,1,3,69.33,60.89,60.32,0.1528,30.8
20251001,1,4,66.42,58.47,57.28,0.1538,36.5
20251001,2,1,58.94,45.89,54.65,0.1279,14.3
20251001,2,2,60.68,47.24,52.43,0.1282,19.5
20251001,2,3,62.44,48.61,53.08,0.1292,19.9
20251001,2,4,55.77,46.81,53.22,0.1279,26.3
20251001,3,1,69.98,58.84,57.28,0.1452,27.5
20251001,3,2,68.28,59.53,59.0,0.1475,26.8
20251001,3,3,65.18,60.03,59.01,0.1447,29.1
20251001,3,4,69.74,60.09,56.34,0.1497,30.8
20251001,4,1,55.28,46.24,53.4,0.1232,19.0
20251001,4,2,58.04,46.83,54.25,0.1232,19.9
20251001,4,3,61.84,49.16,51.87,0.1206,16.1
20251001,4,4,58.8,43.34,52.56,0.1221,22.1
20251001,5,1,66.66,60.56,57.19,0.1377,28.1
20251001,5,2,65.54,59.8,57.51,0.1372,29.8
20251001,5,3,72.89,60.01,58.92,0.1402,30.8
20251001,5,4,70.44,60.65,57.73,0.1352,30.1
20251001,6,1,52.72,41.88,48.33,0.0928,12.5
20251001,6,2,53.06,41.44,48.15,0.0932,8.5
20251001,6,3,53.04,38.71,47.73,0.0929,10.9
20251001,6,4,50.93,40.62,49.59,0.0926,12.5
20251001,7,1,67.56,58.28,56.98,0.1305,30.5
20251001,7,2,65.14,59.69,57.3,0.1322,26.7
20251001,7,3,71.41,61.99,53.79,0.132,27.4
20251001,7,4,67.1,59.9,59.36,0.1312,25.9
20251001,8,1,49.3,39.69,47.47,0.0887,10.8
20251001,8,2,53.49,38.41,51.8,0.087,12.7
20251001,8,3,53.38,42.01,49.54,0.0876,9.8
20251001,8,4,50.01,44.5,48.96,0.0876,17.6
20251101,1,1,66.83,60.5,59.76,0.1524,31.4
20251101,1,2,68.26,57.98,56.25,0.1534,25.7
20251101,1,3,71.05,60.54,57.07,0.1537,31.9
20251101,1,4,68.26,59.84,59.91,0.1521,27.9
20251101,2,1,60.32,46.45,52.27,0.13,18.3
20251101,2,2,56.93,47.27,52.82,0.127,17.9
20251101,2,3,64.07,47.3,56.0,0.1269,17.5
20251101,2,4,59.17,52.98,54.58,0.1287,13.7
20251101,3,1,70.3,58.11,58.3,0.1462,30.3
20251101,3,2,68.16,60.54,57.12,0.1475,29.0
20251101,3,3,72.86,59.8,55.05,0.1478,28.1
20251101,3,4,66.12,56.62,59.54,0.1455,24.3
20251101,4,1,53.57,47.28,55.65,0.1218,17.3
20251101,4,2,59.07,47.08,53.61,0.1204,15.8
20251101,4,3,62.7,46.97,54.74,0.1213,19.8
20251101,4,4,57.92,48.52,50.46,0.1214,19.4
20251101,5,1,65.52,58.9,57.23,0.1401,28.6
20251101,5,2,72.44,58.69,55.72,0.1395,32.4
20251101,5,3,70.77,63.13,56.58,0.1389,25.9
20251101,5,4,68.1,59.3,57.73,0.1391,24.8
20251101,6,1,52.54,41.53,48.54,0.0924,11.8
20251101,6,2,51.11,41.5,51.31,0.0952,14.2
20251101,6,3,48.79,42.02,52.56,0.0915,10.5
20251101,6,4,53.12,41.79,48.24,0.0934,7.7
20251101,7,1,69.17,58.58,54.02,0.1298,30.0
20251101,7,2,65.93,59.77,59.42,0.1304,31.2
20251101,7,3,70.06,58.73,55.32,0.1318,26.1
20251101,7,4,71.63,61.87,54.22,0.1321,30.7
20251101,8,1,46.13,40.51,46.23,0.0873,14.3
20251101,8,2,53.93,40.3,49.52,0.0867,12.4
20251101,8,3,55.66,40.22,47.97,0.088,7.2
20251101,8,4,47.7,43.74,52.67,0.0876,12.3
20251201,1,1,68.43,59.87,58.61,0.1521,29.1
20251201,1,2,70.97,56.57,57.7,0.1526,25.2
20251201,1,3,71.65,57.87,56.45,0.1538,31.6
20251201,1,4,69.36,58.46,55.81,0.1516,27.7
20251201,2,1,60.05,46.14,51.08,0.1263,22.9
20251201,2,2,58.71,49.11,52.44,0.1274,16.4
20251201,2,3,63.27,48.4,56.85,0.1293,19.0
20251201,2,4,60.04,48.1,53.17,0.1277,17.0
20251201,3,1,69.73,59.85,57.92,0.1495,30.4
20251201,3,2,68.55,61.14,58.39,0.1475,27.1
20251201,3,3,73.7,57.48,60.03,0.146,26.7
20251201,3,4,68.51,60.4,61.0,0.145,28.6
20251201,4,1,63.44,47.64,50.54,0.1222,14.1
20251201,4,2,58.65,49.1,55.13,0.1219,15.9
20251201,4,3,64.02,48.17,52.03,0.1204,20.3
20251201,4,4,56.55,47.6,50.94,0.1221,15.3
20251201,5,1,66.81,57.85,58.01,0.1401,27.3
20251201,5,2,66.82,59.88,54.96,0.1402,26.1
20251201,5,3,72.85,57.56,58.65,0.1384,26.7
20251201,5,4,68.0,60.72,56.29,0.1412,24.6
20251201,6,1,46.12,37.55,50.89,0.092,14.7
20251201,6,2,50.32,39.98,52.31,0.0909,13.7
20251201,6,3,51.87,37.22,51.51,0.0928,12.3
20251201,6,4,49.89,40.38,48.48,0.0917,11.0
20251201,7,1,68.91,57.92,58.44,0.1297,28.6
20251201,7,2,68.11,57.79,56.39,0.1322,24.2
20251201,7,3,71.32,58.71,58.1,0.1314,32.7
20251201,7,4,68.98,58.68,60.23,0.1331,26.3
20251201,8,1,52.04,39.84,52.29,0.0881,9.5
20251201,8,2,51.22,38.91,48.32,0.0873,12.9
20251201,8,3,57.27,41.11,48.52,0.088,16.0
20251201,8,4,49.81,40.87,50.46,0.0875,12.2
